doc_id,file_path,title,source_url,retrieved_at,document_version,license_or_permission
dav-muon-tra-giang-vien,data/dich-vu-dai-hoc/dav-muon-tra-giang-vien.md,Hạn mức mượn trả tài liệu dành cho giảng viên và cán bộ — Học viện Ngoại giao,https://dav.edu.vn/quy-trinh-muon-tra-tai-lieu-4965/,2026-09-19,not-stated,public-source
dav-muon-tra-sinh-vien,data/dich-vu-dai-hoc/dav-muon-tra-sinh-vien.md,Hạn mức mượn trả tài liệu dành cho sinh viên — Học viện Ngoại giao,https://dav.edu.vn/quy-trinh-muon-tra-tai-lieu-4965/,2026-09-19,not-stated,public-source
haui-noi-quy-ktx,data\dich-vu-dai-hoc\haui-noi-quy-ktx.md,Nội quy Ký túc xá Trường ĐH Công nghiệp Hà Nội,https://ktx.haui.edu.vn/vn/html/noi-quy,2026-09-19,not-stated,public-source
tmu-noi-quy-khu-noi-tru,data\dich-vu-dai-hoc\tmu-noi-quy-khu-noi-tru.md,Nội quy Khu nội trú sinh viên Trường ĐH Thương mại,https://kntsv.tmu.edu.vn/trang/noi-quy-khu-noi-tru-272,2026-09-19,not-stated,public-source
utc-che-do-chinh-sach,data\dich-vu-dai-hoc\utc-che-do-chinh-sach.md,Hướng dẫn về chế độ chính sách miễn giảm học phí trợ cấp xã hội Trường ĐH Giao thông vận tải,https://hotrosinhvien.utc.edu.vn/tin-tuc/h%C6%B0%E1%BB%9Bng-d%E1%BA%ABn/h%C6%B0%E1%BB%9Bng-d%E1%BA%ABn-v%E1%BB%81-ch%E1%BA%BF-%C4%91%E1%BB%99-ch%C3%ADnh-s%C3%A1ch,2026-09-19,not-stated,public-source
utc-hoc-phi-hoc-bong,data\dich-vu-dai-hoc\utc-hoc-phi-hoc-bong.md,Hướng dẫn các vấn đề học phí học bổng trợ cấp Trường ĐH Giao thông vận tải,https://hotrosinhvien.utc.edu.vn/tin-tuc/h%C6%B0%E1%BB%9Bng-d%E1%BA%ABn/h%C6%B0%E1%BB%9Bng-d%E1%BA%ABn-c%C3%A1c-v%E1%BA%A5n-%C4%91%E1%BB%81-h%E1%BB%8Dc-ph%C3%AD-%E2%80%93-h%E1%BB%8Dc-b%E1%BB%95ng-tr%E1%BB%A3-c%E1%BA%A5p,2026-09-19,not-stated,public-source
utc-huong-dan-ky-tuc-xa,data\dich-vu-dai-hoc\utc-huong-dan-ky-tuc-xa.md,Hướng dẫn ký túc xá Trường ĐH Giao thông vận tải,https://hotrosinhvien.utc.edu.vn/tin-tuc/h%C6%B0%E1%BB%9Bng-d%E1%BA%ABn/h%C6%B0%E1%BB%9Bng-d%E1%BA%ABn-k%C3%BD-t%C3%BAc-x%C3%A1,2026-09-19,not-stated,public-source
utc-thu-vien-can-bo,data/dich-vu-dai-hoc/utc-thu-vien-can-bo.md,"Quy định sử dụng thư viện — phần áp dụng cho cán bộ, giảng viên, ĐH Giao thông vận tải",https://lib.utc.edu.vn/noi-quy/quy-%C4%91%E1%BB%8Bnh-s%E1%BB%AD-d%E1%BB%A5ng-th%C6%B0-vi%E1%BB%87n,2026-09-19,2706/QD-DHGTVT ngay 24/12/2019,public-source
utc-thu-vien-sinh-vien,data/dich-vu-dai-hoc/utc-thu-vien-sinh-vien.md,"Quy định sử dụng thư viện — phần áp dụng cho người học (thẻ đa năng), ĐH Giao thông vận tải",https://lib.utc.edu.vn/noi-quy/quy-%C4%91%E1%BB%8Bnh-s%E1%BB%AD-d%E1%BB%A5ng-th%C6%B0-vi%E1%BB%87n,2026-09-19,2706/QD-DHGTVT ngay 24/12/2019,public-source
